nombreproducto,precioproducto,unidadesproducto,ubicacionproduto
Tractomula Camion De Coleccion A Escala 1/50 Mula Contenedor,109900,null,Bosa, Bogota D.C.
Tractomula Kenworth T700 De Coleccion A Escala 1 /68 Camion,59900,null,Bosa, Bogota D.C.
Tractomula Camion De Coleccion A Escala International Mula,149900,null,Bosa, Bogota D.C.
Kenworth T 700 Tractomula Escala 1.68 32 Cm Blanca,53700,(3 disponibles),Engativa, Bogota D.C.
Peterbilt Redbull, 1/32, Newray, 58 Cms De Largo.,280000,null,Engativa, Bogota D.C.
Tractomula Camion Kadiwei Contenedores De Coleccion A Escala,179900,null,Bosa, Bogota D.C.
Tractomula Camion De Coleccion A Escala Mula Contenedor,109900,null,Bosa, Bogota D.C.
Tractomula Ninera De Friccion 2 Carros Juguetes Ninos,25000,(49 disponibles),Santa Fe, Bogota D.C.
Tractomula De Friccion Con 4 Carros Ninera Juguetes Ninos,35000,(5 disponibles),Santa Fe, Bogota D.C.
Tractomula Kenworth W900 Roja, 56cms De Largo, Escala 1/32,,239000,null,Engativa, Bogota D.C.
Matchbox Lesney Moko #27 England,176000,null,Kennedy, Bogota D.C.
Kenworth T 700 Tractomula Escala 1.68 32 Cm Blanca,53700,(3 disponibles),Engativa, Bogota D.C.
Tractomula Kenworth W900, Escala 1/32, Newray, 58cms Largo.,239000,null,Engativa, Bogota D.C.
Tractomula Camion De Coleccion A Escala 1/64 Harley Davidson,84900,null,Bosa, Bogota D.C.
Tractomula Ninera +4 Carros De Coleccion A Escala Cars Rayo,64900,null,Bosa, Bogota D.C.
Tractomula Kenworth W900, Escala 1/32, Newray, 58cms Largo.,239000,null,Engativa, Bogota D.C.
Tractomulas De Juguete + 6 Carros,94999,(3 disponibles),Rafael Uribe Uribe, Bogota D.C.
Tractomula Camion De Coleccion A Escala International Lonest,149900,null,Bosa, Bogota D.C.
Tractomula Roja Kenworth T700, 32cms De Largo, Metalica,53700,null,Engativa, Bogota D.C.
Tractomula Friccion Con 3 Carros De Construccion  Juguete,75000,(100 disponibles),Santa Fe, Bogota D.C.
Tractomula Con Container De Coleccion,179860,(3 disponibles),Kennedy, Bogota D.C.
Tractomula Camion De Coleccion A Escala 1/68 Kenworth T700,59900,null,Bosa, Bogota D.C.
Tractomula Camion De Coleccion A Kenworth W900 Mula,149900,null,Bosa, Bogota D.C.
Tractomula Tractocamion Camion Truck Cabezote + Container,119900,(207 disponibles),Cali, Valle Del Cauca
Tractomula Transformers De Coleccion A Escala Optimus Prime,34900,null,Bosa, Bogota D.C.
Tractomula Camion De Coleccion A Escala 1 /50,109900,null,Bosa, Bogota D.C.
Camion Ninera Tractomula Mula Con Carros Y Helicoptero,156000,(11 disponibles),Martires, Bogota D.C.
Tractomula Freightliner Century, Escala 1/32, Newray, 56cms.,239000,null,Engativa, Bogota D.C.
Tractomula Camion Mula De Coleccion A Escala,149900,null,Bosa, Bogota D.C.
Tractomula Camion De Coleccion A Escala 1 /50,109900,null,Bosa, Bogota D.C.
Tractomula Ninera +4 Carros De Coleccion A Escala Cars Rayo,64900,null,Bosa, Bogota D.C.
Tractomula Camion De Coleccion A Escala Kenworth Cama Baja,149900,null,Bosa, Bogota D.C.
Camion Ninera Tractomula Mula Con Carros Y Helicoptero,156000,(11 disponibles),Martires, Bogota D.C.
Tractomula Camion De Coleccion A Escala International Lonest,149900,null,Bosa, Bogota D.C.
Tractomula Iveco Ducati De Coleccion A Escala 1/87 Motoro Gp,29900,null,Bosa, Bogota D.C.
Tractomula Escala 1.64,100000,null,Puente Aranda, Bogota D.C.
Tractomula Camion Kadiwei Contenedores De Coleccion A Escala,179900,null,Bosa, Bogota D.C.
Tractomula Kenworth Matchbox 29 Jasper Racing Team,90000,null,Madrid, Cundinamarca
Tractomulas Metalica Contenedor De Coleccion Escala 1:50,129990,(2 disponibles),Martires, Bogota D.C.
Tractomula De Coleccion A Escala 1/87 Iveco Ferrari,29900,null,Bosa, Bogota D.C.
Ninera A Escala 1/50 Con Carros Basicos Camion Tractomula,149900,null,Rafael Uribe Uribe, Bogota D.C.
Camion Mack Cars Contenedor Trailer Sin Carros Mula 48cm,51990,(2 disponibles),Martires, Bogota D.C.
Tractomula Volvo Vn 780 6x4 Bronce 1:50 Wsi Models | 33-2031,370000,(2 disponibles),Cali, Valle Del Cauca
First Gear Tractomula Freighliner Llc 2002 056 Escala 1/54,550000,null,Engativa, Bogota D.C.
Tractomula Camion De Coleccion A Escala 1/50 Mula Contenedor,109900,null,Bosa, Bogota D.C.
Tractomula Kenworth De Coleccion A Escala 1/68 Camion,59900,null,Bosa, Bogota D.C.
Tractomula De Friccion Con Excavadora Ninera Juguetes Ninos,38000,(45 disponibles),Santa Fe, Bogota D.C.
First Gear Tractomula Thermo King Freighliner Llc 2002 093,550000,null,Engativa, Bogota D.C.
Mula Coca-cola, Escala 1/64 Carro De Coleccion,140000,null,Teusaquillo, Bogota D.C.
Tractomula Camion Mula De Coleccion A Escala 1/50,149900,null,Bosa, Bogota D.C.
Tractomula Camion De Coleccion A Escala Mula Contenedor,109900,null,Bosa, Bogota D.C.
Camion Mack Cars Contenedor Trailer Sin Carros Mula 48cm,51990,(2 disponibles),Martires, Bogota D.C.
Tractomula Con Maquina Agarre De Madera 1/50,135000,null,Antonio Narino, Bogota D.C.
Tractomula Camion Cisterna De Coleccion A Escala Mula,59900,null,Bosa, Bogota D.C.
Matchbox Lesney Moko #27 England,176000,null,Kennedy, Bogota D.C.
Tractomula Camion De Coleccion A Escala 1/68 Kenworth T700,59900,null,Bosa, Bogota D.C.
Tractomula Camion De Coleccion A Escala 1/68 Kenworth T700,59900,null,Bosa, Bogota D.C.
Tractomula Camion De Coleccion A Escala 1/68 Kenworth T700,59900,null,Bosa, Bogota D.C.
Tractomula Kenworth T700. Escala 1/68, 32cms De Largo. Metal,53700,(4 disponibles),Engativa, Bogota D.C.
Mula Camion  Tractomula Ninera De Coleccion A Escala 1 /50,159900,null,Bosa, Bogota D.C.
Tractomula Camion De Coleccion A Escala 1/50,109900,null,Bosa, Bogota D.C.
Tractomula Kenworth T700. Escala 1/68, 32cms De Largo. Metal,53700,(4 disponibles),Engativa, Bogota D.C.
Tractomula Kenworth W900 Roja, 56cms De Largo, Escala 1/32,,239000,null,Engativa, Bogota D.C.
Cars Mack Tractomula T,31200,null,Rafael Uribe Uribe, Bogota D.C.
Tractomula De Coleccion A Escala 1/87 Iveco Ferrari Camion,29900,null,Bosa, Bogota D.C.
Escala 1:32, Tractomula Mack Pinnacle, Newray, 56cms Largo.,239000,null,Engativa, Bogota D.C.
Tractomula De Coleccion A Escala Transformers Optimus Prime,39900,null,Bosa, Bogota D.C.
Tractomula Peterbilt 379, Escala 1/32, Newray, 56cms Largo.,239000,null,Engativa, Bogota D.C.
Tractomula Man Tgx Xxl Con Tractor A Escala Majorette,70000,null,Teusaquillo, Bogota D.C.
Tractomula Kenworth T700 De Coleccion A Escala 1 /68 Camion,59900,null,Bosa, Bogota D.C.
First Gear Tractomula Thermo King Freighliner Llc 2002 209,550000,null,Engativa, Bogota D.C.
First Gear Tractomula Thermo King Freighliner Llc 2002 196,550000,null,Engativa, Bogota D.C.
Tractomula Camion Cisterna De Coleccion A Escala  Mula,149900,null,Bosa, Bogota D.C.
Tractomula Mack Escala 17cm Coleccion Matchbox Body Glove,99900,null,Cali, Valle Del Cauca
Tractomula Ninera X8 Carros Friccion Con Luz Y Sonidos,69000,(10 disponibles),Martires, Bogota D.C.
Tractomula Freightliner 114sd, Escala 1:32, Newray, 56cms,239000,null,Engativa, Bogota D.C.
Minimula Tractomula Tractocamion Escala 7cm Largo Matchbox,56900,null,Cali, Valle Del Cauca
Juguetelandia Tienda Oficial,,null,null
Tractomula De Coleccion Metalica A Escala 1:50,142830,(4 disponibles),Kennedy, Bogota D.C.
Volqueta Freightliner 114sd, Escala 1/32, Newray, 55cms.,239000,null,Engativa, Bogota D.C.
Mula Coca Cola , Escala 1/87 Carro De Coleccion,110000,null,Teusaquillo, Bogota D.C.
Tractomula Iveco Equipo Ducati/ Moto Gp/ Escala 1:87/ 18cms.,22700,null,¡Es uno de los mejores del sitio!
Tractomula De Friccion Con Excavadora Ninera Juguetes Ninos,38000,(45 disponibles),Santa Fe, Bogota D.C.
Tractomula Camion De Coleccion A Escala Kenworth W900,149900,null,Bosa, Bogota D.C.
Tractomula Volvo Vn-780, Escala 1/32, Newray, 58cms Largo.,239000,null,Engativa, Bogota D.C.
Cars Mack Tractomula 9 Cm T,28300,null,Rafael Uribe Uribe, Bogota D.C.
Tractomula De Coleccion A Escala Transformers Optimus Prime,39900,null,Bosa, Bogota D.C.
Coke On Ice Long Hauler - Tractomula Coca Cola Escala 1:64,140000,(21 disponibles),Santa Fe, Bogota D.C.
Camion Tractomula Kenworth Escala 7cm Coleccion Matchbox,79900,null,Cali, Valle Del Cauca
Cabezote Tractomula Tractocamion Camion Escala 12cm Largo,85900,null,Cali, Valle Del Cauca
Tractomula Camion De Coleccion A Escala Mula Contenedor,109900,null,Bosa, Bogota D.C.
Tractomula De Coleccion A Escala Transformers Optimus Prime,39900,null,Bosa, Bogota D.C.
Tractomula Peterbilt 579 Con Camarote Mural Cat Esc 1:50,582000,(2 disponibles),Teusaquillo, Bogota D.C.
Mula Camion  Tractomula Ninera De Coleccion A Escala 1 /50,159900,null,Bosa, Bogota D.C.
Juguete Mula Tractomula Formula Uno Didactico + Accesorios,109990,(3 disponibles),Rafael Uribe Uribe, Bogota D.C.
Tractomula De Coleccion A Escala 1/87 Iveco Ducati Mula,29900,null,Bosa, Bogota D.C.
Juguete Super Camion Transportador De Autos 42cm + 2 Autos,38990,(2 disponibles),Suba, Bogota D.C.
Tractomula Doble Contenedor Volvo Majorette 20 Cm,38000,null,Engativa, Bogota D.C.
Tractomula Iveco Ducati De Coleccion A Escala 1/87 Motoro Gp,29900,null,Bosa, Bogota D.C.
Tractomula Camion De Coleccion A Escala Kenworth W900,149900,null,Bosa, Bogota D.C.
Tractomula Camion Cisterna De Coleccion A Escala Mula,149900,null,Bosa, Bogota D.C.
Majorette, Tractomula Volvo, Doble Contenedor, Escala 1/72,,43700,null,Engativa, Bogota D.C.
Tractomula Camion De Coleccion A Escala 1/68 Kenworth T700,59900,null,Bosa, Bogota D.C.
Tractomula De Coleccion A Escala 1/87 Iveco Ferrari Camion,29900,null,Bosa, Bogota D.C.
Tractomula Freightliner Cascadia Blanca, Escala 1:68, Welly,55500,null,¡Es uno de los mejores del sitio!
Tractomulas Metalica Contenedor De Coleccion Escala 1:50,119900,(3 disponibles),Martires, Bogota D.C.
Tractomula Lanzador Carros Caja,114480,(141 disponibles),null
Tractomula Kenworth Coleccion Matchbox 1983 Escala 7cm Largo,79900,null,Cali, Valle Del Cauca
Tractomula Camion De Coleccion A Kenworth W900 Mula,149900,null,Bosa, Bogota D.C.
Tractomula Kenworth De Coleccion A Escala 1/68 Camion,59900,null,Bosa, Bogota D.C.
Majorette, Tractomula Volvo, Doble Contenedor, Escala 1/72,,43700,null,Engativa, Bogota D.C.
Tractomula Peterbilt 379, Escala 1/32, Newray, 56cms Largo.,239000,null,Engativa, Bogota D.C.
Tractomula Kenworth De Coleccion A Escala + 4 Carros Camion,99900,null,Bosa, Bogota D.C.
Cabezote Freightliner Cascadia,  Escala 1/32, Welly, 27cms.,135000,null,Engativa, Bogota D.C.
Tractomula En Mdf,385000,(3 disponibles),Ipiales, Narino
Tractomula Man Tga Xxl Yate Escala Coleccion Marca Majorette,85000,null,Teusaquillo, Bogota D.C.
Tractomula Trailer Volvo Majorette 20 Cm,38000,null,Engativa, Bogota D.C.
Tractomula Camion Cisterna De Coleccion A Escala  Mula,149900,null,Bosa, Bogota D.C.
Ninera Freightliner Classic Xl, Escala 1/32, Newray, 60cms.,239000,null,Engativa, Bogota D.C.
Mula Iveco Ducati, Escala 1/87 , De Coleccion,55000,null,Teusaquillo, Bogota D.C.
International Lonestar, Escala 1:32, 55cms Largo, New Ray.,239000,null,Engativa, Bogota D.C.
Tractomulas Metalica Contenedor De Coleccion Escala 1:50,119900,(3 disponibles),Martires, Bogota D.C.
Tractomula Freightliner Cascadia Blanca, Escala 1:68, Welly,55500,null,¡Es uno de los mejores del sitio!
Tractomula Camion Cisterna De Coleccion A Escala Mula,59900,null,Bosa, Bogota D.C.
Tractomula Camion De Coleccion A Escala Kenworth W900,149900,null,Bosa, Bogota D.C.
Camion Tractomula Ford Aeromax Escala 8cm Coleccion Matchbox,79900,null,Cali, Valle Del Cauca
Tractomula Roja Kenworth T700, 32cms De Largo, Metalica,53700,null,Engativa, Bogota D.C.
Tractomula Mercedes Benz Acros, 35cms Largo, Escala 1/43.,159700,(3 disponibles),Engativa, Bogota D.C.
Tractomula Camion Cisterna De Coleccion A Escala Mula,59900,null,Bosa, Bogota D.C.
Tractomula Iveco Equipo Ducati/ Moto Gp/ Escala 1:87/ 18cms.,22700,null,¡Es uno de los mejores del sitio!
Racing Champions Tractomulas Nascar 1/64 Diecast,100000,(4 disponibles),Engativa, Bogota D.C.
Tractomula Kenworth De Coleccion A Escala + 4 Carros Camion,99900,null,Bosa, Bogota D.C.
Pixar Cars 2 Tractomula Mack Hauler Y Carro Rayo Mcqueen,129900,null,Engativa, Bogota D.C.
Tractomula De Coleccion A Escala 1/87 Iveco Ferrari,29900,null,Bosa, Bogota D.C.
Camion Tractomula Mack Ch600 Escala 7cm Coleccion Matchbox,79900,null,Cali, Valle Del Cauca
Tractomula De Friccion Con 4 Carros Ninera Juguetes Ninos,35000,(5 disponibles),Santa Fe, Bogota D.C.
Tractomula Kenworth Coleccion Matchbox Escala 7cm Largo,79900,null,Cali, Valle Del Cauca
Tractomula Camion De Coleccion A Escala Kenworth Cama Baja,149900,null,Bosa, Bogota D.C.
Carros Impulso Cars Metalicos Mula Ninera Rayo Mcqueen,72000,null,Antonio Narino, Bogota D.C.
Tractomula De Coleccion A Escala 1/64 Harley Davidson Camion,89900,null,Bosa, Bogota D.C.
Tractomula Friccion Con 3 Carros De Construccion  Juguete,75000,(100 disponibles),Santa Fe, Bogota D.C.
Carro Tractomula Con Dinosaurios Y Arboles Juguete Nino,65000,(50 disponibles),Santa Fe, Bogota D.C.
Tractomula De Coleccion A Escala 1/64 Harley Davidson Camion,89900,null,Bosa, Bogota D.C.
Tanque Cisterna Texaco Majorette France Para Tractomula,99900,null,Cali, Valle Del Cauca
Tractomula Camion Mula De Coleccion A Escala 1/50,149900,null,Bosa, Bogota D.C.
Tractomula De Coleccion A Escala Transformers Optimus Prime,39900,null,Bosa, Bogota D.C.
Camion International Tractomula Coleccion A Escala,290000,null,Itagui, Antioquia
Tractomula Kenworth W900, Escala 1/32, Newray, 56cms Largo.,239000,null,Engativa, Bogota D.C.
Tractomula De Coleccion A Escala 1/87 Iveco Ducati Mula,29900,null,Bosa, Bogota D.C.
Micro Machines Ninera Hauler + Carro Pickup Original Hasbro,74500,null,Kennedy, Bogota D.C.
Tractomula Camion De Coleccion A Escala 1/50 Mula Contenedor,109900,null,Bosa, Bogota D.C.
Juguete Super Camion Transportador De Autos 42cm + 2 Autos,23990,null,Suba, Bogota D.C.
Tractomula Tractocamion Kenworth Escala Coleccion Metalica,79900,null,Cali, Valle Del Cauca
Tractomula Camion De Coleccion A Escala 1/50 Mula Contenedor,109900,null,Bosa, Bogota D.C.
Tractomula Camion De Coleccion A Escala International Mula,149900,null,Bosa, Bogota D.C.
Tractomula Friccion Con 4 Carros Ninera Juguetes Ninos,30000,(44 disponibles),Santa Fe, Bogota D.C.
First Gear Tractomula Thermo King Freighliner Llc 2002 214,550000,null,Engativa, Bogota D.C.
Tractomula Transformers De Coleccion A Escala Optimus Prime,34900,null,Bosa, Bogota D.C.
Kenworth Tracto Mula Tractomula Camion A Escala De Coleccion,119900,null,Cali, Valle Del Cauca
Tractomula Camion De Coleccion A Escala 1/64 Harley Davidson,84900,null,Bosa, Bogota D.C.
Tractomula Camion De Coleccion A Escala 1/68 Kenworth T700,59900,null,Bosa, Bogota D.C.
Ninera A Escala 1/50 Con Carros Basicos Camion Tractomula,149900,null,Rafael Uribe Uribe, Bogota D.C.
Tractomula Camion De Coleccion A Escala Mula Contenedor,109900,null,Bosa, Bogota D.C.
Tanque Cisterna Esso Majorette France Para Tractomula,99900,null,Cali, Valle Del Cauca
Carros Impulso Cars Metalicos Mula Ninera Rayo Mcqueen,72000,null,Antonio Narino, Bogota D.C.
Tractomula Camion Mula De Coleccion A Escala,149900,null,Bosa, Bogota D.C.
Tractomula Camion Cisterna De Coleccion A Escala Mula,149900,null,Bosa, Bogota D.C.
