web-scraper-order,web-scraper-start-url,NombreAudifonos,NombreAudifonos-href,NombreProducto,PrecioProducto,VendedorProducto,UnidadesDisponiblesProducto
"1661381477-2","https://listado.mercadolibre.com.co/audifonos-inal%C3%A1mbricos#D[A:audifonos%20inal%C3%A1mbricos]","Audífonos Inalambricos I12 Bluetooth","https://articulo.mercadolibre.com.co/MCO-826090418-audifonos-inalambricos-i12-bluetooth-_JM?searchVariation=173855810362#searchVariation=173855810362&position=56&search_layout=stack&type=item&tracking_id=6557f8a7-b4a7-4a26-a928-b02cc38aa3ff","Audífonos Inalambricos I12 Bluetooth","28.900","null","(558 disponibles)"
"1661381541-25","https://listado.mercadolibre.com.co/audifonos-inal%C3%A1mbricos#D[A:audifonos%20inal%C3%A1mbricos]","Audífonos in-ear inalámbricos QCY T1C negro","https://www.mercadolibre.com.co/audifonos-in-ear-inalambricos-qcy-t1c-negro/p/MCO15285466#searchVariation=MCO15285466&position=32&search_layout=stack&type=product&tracking_id=6557f8a7-b4a7-4a26-a928-b02cc38aa3ff","Audífonos in-ear inalámbricos QCY T1C negro","69.900","RAKTORS","(18 disponibles)"
"1661381510-14","https://listado.mercadolibre.com.co/audifonos-inal%C3%A1mbricos#D[A:audifonos%20inal%C3%A1mbricos]","Audífonos in-ear inalámbricos JBL Wave 100TWS black","https://www.mercadolibre.com.co/audifonos-in-ear-inalambricos-jbl-wave-100tws-black/p/MCO18462585#searchVariation=MCO18462585&position=43&search_layout=stack&type=product&tracking_id=6557f8a7-b4a7-4a26-a928-b02cc38aa3ff","Audífonos in-ear inalámbricos JBL Wave 100TWS black","204.720","WONDERTECH SAS","(12 disponibles)"
"1661381535-23","https://listado.mercadolibre.com.co/audifonos-inal%C3%A1mbricos#D[A:audifonos%20inal%C3%A1mbricos]","Audífonos in-ear gamer inalámbricos Xiaomi Mi True Wireless Earbuds Basic 2S negro","https://www.mercadolibre.com.co/audifonos-in-ear-gamer-inalambricos-xiaomi-mi-true-wireless-earbuds-basic-2s-negro/p/MCO18592787#searchVariation=MCO18592787&position=34&search_layout=stack&type=product&tracking_id=6557f8a7-b4a7-4a26-a928-b02cc38aa3ff","Audífonos in-ear gamer inalámbricos Xiaomi Mi True Wireless Earbuds Basic 2S negro","97.990","WIKI ELECTRONIC","(88 disponibles)"
"1661381574-37","https://listado.mercadolibre.com.co/audifonos-inal%C3%A1mbricos#D[A:audifonos%20inal%C3%A1mbricos]","Diadema Manos Libres Bluetooth V5.0 25h Motorola Moto Xt500+","https://click1.mercadolibre.com.co/mclics/clicks/external/MCO/count?a=21rAznLzfC6aXy%2FcAVXuefF37b4gRET%2F29NnFgCGFu4LHZrnZAF4x5nN1NZNfdSAkXOGbrXnxpAfO8J7xN0aKsrlSl62mRmgm8pGUqvMzTHq22H1yveuqPz9T7YZpm9EUA4qnFODsZaS4clV2hfHfshXG%2BqrgoMYE%2Foa1eR8zywmVMljq1oPSOopcRZJ%2F%2F9TzE7pv0rf3aZ4xXBfXoLdcJkqsiLgcaxmmsY3c%2BRXrXZluRol3vSO52KSZw50yqw8ap1wUTaiZ7RlPftN6nSQgeGXEaPJPvecdjdL%2FfKe9CFAMH5IzLcXDT0RDo5ZOJT41uYtXfwOp7SxkB9etcW4EhSnxLky35m8720Y0EUX68H6ix3dA73VExHtsTnUvypYIJVl21IhUuRLmTWVl61XzqgB1e0Yq%2ByPABJEr3Ky%2FmwVAcO8Sg50qhJXIe0K%2BpR6rfImM6NGpg0wuDIUmyeQJnVbjud8qOeP1uhbAT04pMd2auUWRaKMybk%2FU0Ns%2FNH3xhx75TpSusMBlXBaNHIDHH6Q125mf2QBMv1jaHA9aJMqtONDSIajB7G3ZQ7XWVKWYX0SlUT4FPbV3Ibv6rMtlNbL1Pt27F7xJX%2FjmSyA2slQg5Oc2ZQh4BQ5Y0i7AYt76EWKMkGGfcB7MPeJCCFmpkKgRIgHsj%2BUemxp15oWKIok4OEKbsfbu3XzG7pp9H0bI0rlc6UaGitE7J9jvibovwCNGc95dAE4e%2FEa6Z1yWqJIAQcTh3Mjtq9T%2BjV5DiuK%2FNag1guB4uaL6GvSmNSrjro%3D&rb=x","Diadema Manos Libres Bluetooth V5.0 25h Motorola Moto Xt500+","164.900","null","(8 disponibles)"
"1661381516-16","https://listado.mercadolibre.com.co/audifonos-inal%C3%A1mbricos#D[A:audifonos%20inal%C3%A1mbricos]","Audífonos in-ear inalámbricos Haylou T Series MoriPods azul","https://www.mercadolibre.com.co/audifonos-in-ear-inalambricos-haylou-t-series-moripods-azul/p/MCO18373357#searchVariation=MCO18373357&position=41&search_layout=stack&type=product&tracking_id=6557f8a7-b4a7-4a26-a928-b02cc38aa3ff","Audífonos in-ear inalámbricos Haylou T Series MoriPods azul","126.990","WIKI ELECTRONIC","(14 disponibles)"
"1661381527-20","https://listado.mercadolibre.com.co/audifonos-inal%C3%A1mbricos#D[A:audifonos%20inal%C3%A1mbricos]","Audífonos in-ear gamer inalámbricos Haylou GT Series GT5 negro","https://www.mercadolibre.com.co/audifonos-in-ear-gamer-inalambricos-haylou-gt-series-gt5-negro/p/MCO17706729#searchVariation=MCO17706729&position=37&search_layout=stack&type=product&tracking_id=6557f8a7-b4a7-4a26-a928-b02cc38aa3ff","Audífonos in-ear gamer inalámbricos Haylou GT Series GT5 negro","113.990","WIKI ELECTRONIC","(153 disponibles)"
"1661381563-33","https://listado.mercadolibre.com.co/audifonos-inal%C3%A1mbricos#D[A:audifonos%20inal%C3%A1mbricos]","Audífonos inalámbricos Motorola Escape 220 negro","https://www.mercadolibre.com.co/audifonos-inalambricos-motorola-escape-220-negro/p/MCO16030226#searchVariation=MCO16030226&position=24&search_layout=stack&type=product&tracking_id=6557f8a7-b4a7-4a26-a928-b02cc38aa3ff","Audífonos inalámbricos Motorola Escape 220 negro","122.700","TELO TRAEMOS","null"
"1661381518-17","https://listado.mercadolibre.com.co/audifonos-inal%C3%A1mbricos#D[A:audifonos%20inal%C3%A1mbricos]","Audífonos inalámbricos Lenovo LP7 blanco","https://www.mercadolibre.com.co/audifonos-inalambricos-lenovo-lp7-blanco/p/MCO18536672#searchVariation=MCO18536672&position=40&search_layout=stack&type=product&tracking_id=6557f8a7-b4a7-4a26-a928-b02cc38aa3ff","Audífonos inalámbricos Lenovo LP7 blanco","108.990","ZENAIDACALLEJAS","(3 disponibles)"
"1661381613-51","https://listado.mercadolibre.com.co/audifonos-inal%C3%A1mbricos#D[A:audifonos%20inal%C3%A1mbricos]","Audífonos in-ear gamer inalámbricos Xiaomi Redmi Buds 3 Lite negro","https://www.mercadolibre.com.co/audifonos-in-ear-gamer-inalambricos-xiaomi-redmi-buds-3-lite-negro/p/MCO19031223#searchVariation=MCO19031223&position=6&search_layout=stack&type=product&tracking_id=6557f8a7-b4a7-4a26-a928-b02cc38aa3ff","Audífonos in-ear gamer inalámbricos Xiaomi Redmi Buds 3 Lite negro","84.800","CARDOSOLUISA20220211004533","(4 disponibles)"
"1661381524-19","https://listado.mercadolibre.com.co/audifonos-inal%C3%A1mbricos#D[A:audifonos%20inal%C3%A1mbricos]","Audífonos in-ear inalámbricos Xiaomi Redmi AirDots 3 rosa","https://www.mercadolibre.com.co/audifonos-in-ear-inalambricos-xiaomi-redmi-airdots-3-rosa/p/MCO17976465#searchVariation=MCO17976465&position=38&search_layout=stack&type=product&tracking_id=6557f8a7-b4a7-4a26-a928-b02cc38aa3ff","Audífonos in-ear inalámbricos Xiaomi Redmi AirDots 3 rosa","160.999","NETZON_SONIDO COMERCIALIZADORA","(19 disponibles)"
"1661381530-21","https://listado.mercadolibre.com.co/audifonos-inal%C3%A1mbricos#D[A:audifonos%20inal%C3%A1mbricos]","Audífonos in-ear inalámbricos Lenovo LivePods LP1 blanco y negro","https://www.mercadolibre.com.co/audifonos-in-ear-inalambricos-lenovo-livepods-lp1-blanco-y-negro/p/MCO16239941#searchVariation=MCO16239941&position=36&search_layout=stack&type=product&tracking_id=6557f8a7-b4a7-4a26-a928-b02cc38aa3ff","Audífonos in-ear inalámbricos Lenovo LivePods LP1 blanco y negro","75.000","WAYKER STORE","(4 disponibles)"
"1661381493-8","https://listado.mercadolibre.com.co/audifonos-inal%C3%A1mbricos#D[A:audifonos%20inal%C3%A1mbricos]","Audífonos in-ear inalámbricos Lenovo LivePods LP1 negro","https://www.mercadolibre.com.co/audifonos-in-ear-inalambricos-lenovo-livepods-lp1-negro/p/MCO16999681#searchVariation=MCO16999681&position=49&search_layout=stack&type=product&tracking_id=6557f8a7-b4a7-4a26-a928-b02cc38aa3ff","Audífonos in-ear inalámbricos Lenovo LivePods LP1 negro","77.900","TWISTERSHOPSAS","(7 disponibles)"
"1661381532-22","https://listado.mercadolibre.com.co/audifonos-inal%C3%A1mbricos#D[A:audifonos%20inal%C3%A1mbricos]","Audífonos in-ear inalámbricos Huawei FreeBuds 4i ceramic white","https://www.mercadolibre.com.co/audifonos-in-ear-inalambricos-huawei-freebuds-4i-ceramic-white/p/MCO17799548#searchVariation=MCO17799548&position=35&search_layout=stack&type=product&tracking_id=6557f8a7-b4a7-4a26-a928-b02cc38aa3ff","Audífonos in-ear inalámbricos Huawei FreeBuds 4i ceramic white","299.900","TECNOJMGSOLUCIONES","(7 disponibles)"
"1661381552-29","https://listado.mercadolibre.com.co/audifonos-inal%C3%A1mbricos#D[A:audifonos%20inal%C3%A1mbricos]","Audífonos in-ear gamer inalámbricos Xiaomi Redmi Buds 3 Lite blanco","https://www.mercadolibre.com.co/audifonos-in-ear-gamer-inalambricos-xiaomi-redmi-buds-3-lite-blanco/p/MCO19031224#searchVariation=MCO19031224&position=28&search_layout=stack&type=product&tracking_id=6557f8a7-b4a7-4a26-a928-b02cc38aa3ff","Audífonos in-ear gamer inalámbricos Xiaomi Redmi Buds 3 Lite blanco","111.995","MUNDONET2513","(24 disponibles)"
"1661381596-45","https://listado.mercadolibre.com.co/audifonos-inal%C3%A1mbricos#D[A:audifonos%20inal%C3%A1mbricos]","Audífonos in-ear inalámbricos i7S TWS blanco","https://www.mercadolibre.com.co/audifonos-in-ear-inalambricos-i7s-tws-blanco/p/MCO15833648#searchVariation=MCO15833648&position=12&search_layout=stack&type=product&tracking_id=6557f8a7-b4a7-4a26-a928-b02cc38aa3ff","Audífonos in-ear inalámbricos i7S TWS blanco","21.900","WWW.8VENTAS.COM","(43 disponibles)"
"1661381558-31","https://listado.mercadolibre.com.co/audifonos-inal%C3%A1mbricos#D[A:audifonos%20inal%C3%A1mbricos]","Audífonos in-ear gamer inalámbricos Xiaomi Redmi AirDots 3 Pro negro grafito","https://www.mercadolibre.com.co/audifonos-in-ear-gamer-inalambricos-xiaomi-redmi-airdots-3-pro-negro-grafito/p/MCO18446996#searchVariation=MCO18446996&position=26&search_layout=stack&type=product&tracking_id=6557f8a7-b4a7-4a26-a928-b02cc38aa3ff","Audífonos in-ear gamer inalámbricos Xiaomi Redmi AirDots 3 Pro negro grafito","269.000","DUZO7477153","(2 disponibles)"
"1661381569-35","https://listado.mercadolibre.com.co/audifonos-inal%C3%A1mbricos#D[A:audifonos%20inal%C3%A1mbricos]","Audífonos in-ear inalámbricos Samsung Galaxy Buds2 negro","https://www.mercadolibre.com.co/audifonos-in-ear-inalambricos-samsung-galaxy-buds2-negro/p/MCO18358434#searchVariation=MCO18358434&position=22&search_layout=stack&type=product&tracking_id=6557f8a7-b4a7-4a26-a928-b02cc38aa3ff","Audífonos in-ear inalámbricos Samsung Galaxy Buds2 negro","270.713","COMPU-ELECTRO1","(7 disponibles)"
"1661381616-52","https://listado.mercadolibre.com.co/audifonos-inal%C3%A1mbricos#D[A:audifonos%20inal%C3%A1mbricos]","Audífonos gamer inalámbricos Logitech G Series G733 negro con luz  rgb LED","https://click1.mercadolibre.com.co/mclics/clicks/external/MCO/count?a=eQnpqM1TSvGztoiVEziEP1xOyQjtmAFrZ%2FoLalkAizv5sfRv30y5u9glLx99Hp1UCK02H08GheAkmpLorqHLKvCj%2Bx4WUdgx%2Fok0Tq%2Bf8SRFvEh2%2FOBdzcbWHalRQcEDh3CGKE1eyZL%2F7oeNDc%2FUl46wj9bm6%2FX8J%2B42BxopoQVds5CjiM64c2AN5xyjbsCsNDMbVX6Hi2GP4j8emT1%2BuwKYA9wMMo9BXdp3ALuwzcNTD7uNq78Q1OVcSiYeaniVOMOxi1z3Ulm5mmVC8ioE%2FihwbeyXFfmfrNBR7BBzRX6BeLQXgtzJyScgpVWbqG6V3UYFwlpbawTk9%2FrQTqIvGdOLkhsUWvnRurQvh0PEbgen8uTpG8dItTTnjVuvRZOyjKvhgnis78V1fW%2FL5S5L2UH4TlP0QXS5sMGPMuEELi2L%2FPoGXAXjLpfAvtOSjKRN382CqchYN19vfMYm%2FwZ923sfWW65aSRCRG8Xkqk4V2Pd7IEistyoAvOkhPzaVEO2aEIhd2ITi%2FdwgBy0hzW4mpOee7PJMCKuXucH2B5AZzt1274u5LciWDUVsNyV517DLhFEwx9IHkWcXazPu1pP3hwovaYSZ9UXed5KkoiRPv8PFy0QqcaQowYvLhXtPGnnQZgk1TaarJznCklBLYWK2k4IHYSTzESeJNwCJ4fCWIY1MjGb6Y%2BdwidIcNGCitCl7QaVKE02isv%2BWM%2Fz3hTq3ivhiSMTV%2Bell3ElyXbATF4r5EGm5MsvlKI%3D&rb=x","Audífonos gamer inalámbricos Logitech G Series G733 negro con luz  rgb LED","655.000","TAURET.COMPUTADORES","null"
"1661381544-26","https://listado.mercadolibre.com.co/audifonos-inal%C3%A1mbricos#D[A:audifonos%20inal%C3%A1mbricos]","Manos Libres Auricular Bluetooth 24 Horas De Batería","https://click1.mercadolibre.com.co/mclics/clicks/external/MCO/count?a=7voWdJdGWfaMzk7m41lrAMaA8JqorRbbMKXpR%2B1xkkXyM9lRa%2BBytfpFB0MtwCWt0XHcWpjR7FZF60%2B69ZV64DeeE0G0eJ5rKbTs56Ig5d5Vbq0%2BpU4zqUfyhTjZem94rGAD8y3Is3MSm44OdMOesc0z098YvQTb3wqWFyoW6WfR6rbZfYP%2BZN%2FTCrUTiGtpa7wlQALn5TGwP7zpLrhovtGVHpQyvk%2BkUYxLK9DmE7%2Bm7DUwD8EPwFFMfK2kTYTC%2FvdXZ%2BqlNL8mg8yL08diCbLiKNZaY3QHSNjEci1NiYAjud7U8Lv7o3MOnLX0ItrmMV0V4wc7IQM%2Bc9qFRuUiuQnH%2BZ7bW3zDVZtHJCX3RQ%2FjwZ43zvf3mFPU%2Feq7v3Lw2z2kF0UcVMetOLJa9aQsvPxth3IUz%2B3ldRjaqWUHNCnBASejTLPazhIMh7w%2FHyjWT7HHunyEAX4cSVH2edG40F9ZQLlV7OnVUEOOnV%2B9D0vUf8MwrYcE7bp9nbiDNYF6az%2BIJfTttREf7efjV%2BTrlU6kDD2tsTCNXATqTlx5n3TmdL2%2FhEitKOFuA27KsUuE2iD2OF9OaeCwSkWyF7zaP1FvuTgQlvCh4FqnJYPz7NJqhLFLk7NR2ai3RkLkOLjejMrLp5rR6Jy7a27gA6jotQBw%2BjOX%2FDXRJMr%2F5XkQ%2FyZeHgBy4Dn7VTSidJryZtPVY8wXBMwrSNS%2BeROL8MNmYPwn8SFDL%2FPdHtkc%2F%2BBEv8f83%2Fx5e6hqef7BV7kD7Za9FXx%2Bc5p3WvAJvTg%3D&rb=x","Manos Libres Auricular Bluetooth 24 Horas De Batería","75.000","null","(29 disponibles)"
"1661381580-39","https://listado.mercadolibre.com.co/audifonos-inal%C3%A1mbricos#D[A:audifonos%20inal%C3%A1mbricos]","Audífonos inalámbricos Sony 1000X Series WH-1000XM4 black","https://www.mercadolibre.com.co/audifonos-inalambricos-sony-1000x-series-wh-1000xm4-black/p/MCO16183555#searchVariation=MCO16183555&position=18&search_layout=stack&type=product&tracking_id=6557f8a7-b4a7-4a26-a928-b02cc38aa3ff","Audífonos inalámbricos Sony 1000X Series WH-1000XM4 black","1.279.900","Sony","(4 disponibles)"
"1661381491-7","https://listado.mercadolibre.com.co/audifonos-inal%C3%A1mbricos#D[A:audifonos%20inal%C3%A1mbricos]","Audífonos inalámbricos Sony WH-CH510 negro","https://www.mercadolibre.com.co/audifonos-inalambricos-sony-wh-ch510-negro/p/MCO15397854#searchVariation=MCO15397854&position=50&search_layout=stack&type=product&tracking_id=6557f8a7-b4a7-4a26-a928-b02cc38aa3ff","Audífonos inalámbricos Sony WH-CH510 negro","200.000","JUANFELIPEYERARD","(5 disponibles)"
"1661381555-30","https://listado.mercadolibre.com.co/audifonos-inal%C3%A1mbricos#D[A:audifonos%20inal%C3%A1mbricos]","Audífonos in-ear gamer inalámbricos Haylou T Series T15 negro","https://www.mercadolibre.com.co/audifonos-in-ear-gamer-inalambricos-haylou-t-series-t15-negro/p/MCO15978838#searchVariation=MCO15978838&position=27&search_layout=stack&type=product&tracking_id=6557f8a7-b4a7-4a26-a928-b02cc38aa3ff","Audífonos in-ear gamer inalámbricos Haylou T Series T15 negro","139.900","TEKSHOP_","(15 disponibles)"
"1661381483-4","https://listado.mercadolibre.com.co/audifonos-inal%C3%A1mbricos#D[A:audifonos%20inal%C3%A1mbricos]","Audífonos Inalámbricos Bluetooth Xiaomi Redmi Buds 3 Lite","https://articulo.mercadolibre.com.co/MCO-850351409-audifonos-inalambricos-bluetooth-xiaomi-redmi-buds-3-lite-_JM?searchVariation=174099819654#searchVariation=174099819654&position=54&search_layout=stack&type=item&tracking_id=6557f8a7-b4a7-4a26-a928-b02cc38aa3ff","Audífonos Inalámbricos Bluetooth Xiaomi Redmi Buds 3 Lite","111.995","null","(57 disponibles)"
"1661381480-3","https://listado.mercadolibre.com.co/audifonos-inal%C3%A1mbricos#D[A:audifonos%20inal%C3%A1mbricos]","Audífonos Bluetooth Deportivos U8 Anti Sudor Nuevo","https://articulo.mercadolibre.com.co/MCO-654620063-audifonos-bluetooth-deportivos-u8-anti-sudor-nuevo-_JM?searchVariation=173876756744#searchVariation=173876756744&position=55&search_layout=stack&type=item&tracking_id=6557f8a7-b4a7-4a26-a928-b02cc38aa3ff","Audífonos Bluetooth Deportivos U8 Anti Sudor Nuevo","60.705","null","(87 disponibles)"
"1661381521-18","https://listado.mercadolibre.com.co/audifonos-inal%C3%A1mbricos#D[A:audifonos%20inal%C3%A1mbricos]","Audífonos in-ear inalámbricos Sony WF-C500 negro","https://www.mercadolibre.com.co/audifonos-in-ear-inalambricos-sony-wf-c500-negro/p/MCO18622695#searchVariation=MCO18622695&position=39&search_layout=stack&type=product&tracking_id=6557f8a7-b4a7-4a26-a928-b02cc38aa3ff","Audífonos in-ear inalámbricos Sony WF-C500 negro","287.900","Sony","(28 disponibles)"
"1661381499-10","https://listado.mercadolibre.com.co/audifonos-inal%C3%A1mbricos#D[A:audifonos%20inal%C3%A1mbricos]","Audífonos in-ear inalámbricos Lenovo LivePods LP1S blanco","https://www.mercadolibre.com.co/audifonos-in-ear-inalambricos-lenovo-livepods-lp1s-blanco/p/MCO18606723#searchVariation=MCO18606723&position=47&search_layout=stack&type=product&tracking_id=6557f8a7-b4a7-4a26-a928-b02cc38aa3ff","Audífonos in-ear inalámbricos Lenovo LivePods LP1S blanco","82.000","SUPER_COMPRA_PLUS","(5 disponibles)"
"1661381502-11","https://listado.mercadolibre.com.co/audifonos-inal%C3%A1mbricos#D[A:audifonos%20inal%C3%A1mbricos]","Audífonos inalámbricos Sony 1000X Series WH-1000XM5 negro","https://www.mercadolibre.com.co/audifonos-inalambricos-sony-1000x-series-wh-1000xm5-negro/p/MCO19176887#searchVariation=MCO19176887&position=46&search_layout=stack&type=product&tracking_id=6557f8a7-b4a7-4a26-a928-b02cc38aa3ff","Audífonos inalámbricos Sony 1000X Series WH-1000XM5 negro","1.716.900","Sony","(64 disponibles)"
"1661381577-38","https://listado.mercadolibre.com.co/audifonos-inal%C3%A1mbricos#D[A:audifonos%20inal%C3%A1mbricos]","Auriculares Bluetooth F9 8d Mejor Que Xiaomi Earpods Táctil","https://click1.mercadolibre.com.co/mclics/clicks/external/MCO/count?a=paWL9nmlEz8oIVcD0dhp2t4jw0qoenIZ%2BJR07cfNx2OypL6p9UUzI%2FNnCs2Uytc%2BCUWGg8AEPgi6WV8nluJ0tPLOAW8TlwS3AIF8I2EHZUmUu2Clu%2BSYOBpr7THHU%2FWszWwFrUDeMrcAJ%2F4fe%2FEMpT06whsU4BCfrVahC0YhGA4zwwsdveahnQqr7oCC6%2BwwMoIyRbzE20C8WrEPViQtUSPkdhJzoA5C2Puc%2FPnGB8ix4Czd0o48f%2BZPCTxXgK8eEZEt%2BJ2sY7nZgRK1AWDaAP5ChZkajnCT4CsKxNWUGE1S07hey66YhGx6b%2BCkkLR2R1EPlVUBr6XIum5u%2F1H%2FjZ5B19rEjy36NOzJCa53X%2FJq2GHNE7z1aBdTfiAfeBITkurdGtWzlj4%2FJVzfF6h1WSVyyx6d02Uuhp1v3xLM%2BxMbJLe%2BXfm92FxDFqtHhfNv4%2BGHcVkfCDsr80ML7M1VMznZAFPMoGobsd3HQzu%2Bpfmou7seYKw4wI%2BGiAXadKYw1LiIGm%2BNPNU%2FciO28CQUhYb9LEn4YWzz%2FeLgj8LTGAhz82FsKonI08D%2BWt8fspDJu5DbR87WQCYWqDjLHLj8rb8tfyG3%2BzMhU2d5ncCAUUVI60BVzqQ%2B3Csk6tCRgarVNFDE7CNtI6yDvFw9eJ31tHiMRd2DUtB32YEng1xkZ5fBFwNsKh%2BgVet9umHsyjBpmlup4rsUUu0ME5D7aF%2FBMhAcqN37xUvE0xtozLkmkU%2B41hO4ULfBciykA4TUbzGjF%2BO7QYXbyjpWHZFk%2BKFKD5HC&rb=x","Auriculares Bluetooth F9 8d Mejor Que Xiaomi Earpods Táctil","70.000","null","(68 disponibles)"
"1661381549-28","https://listado.mercadolibre.com.co/audifonos-inal%C3%A1mbricos#D[A:audifonos%20inal%C3%A1mbricos]","Audífonos in-ear gamer inalámbricos Lenovo XG01 gris con luz LED","https://www.mercadolibre.com.co/audifonos-in-ear-gamer-inalambricos-lenovo-xg01-gris-con-luz-led/p/MCO18517956#searchVariation=MCO18517956&position=29&search_layout=stack&type=product&tracking_id=6557f8a7-b4a7-4a26-a928-b02cc38aa3ff","Audífonos in-ear gamer inalámbricos Lenovo XG01 gris con luz LED","133.000","OFFCIAL STORE","(7 disponibles)"
"1661381610-50","https://listado.mercadolibre.com.co/audifonos-inal%C3%A1mbricos#D[A:audifonos%20inal%C3%A1mbricos]","Audífonos inalámbricos JBL Tune 510BT negro","https://www.mercadolibre.com.co/audifonos-inalambricos-jbl-tune-510bt-negro/p/MCO17968066#searchVariation=MCO17968066&position=7&search_layout=stack&type=product&tracking_id=6557f8a7-b4a7-4a26-a928-b02cc38aa3ff","Audífonos inalámbricos JBL Tune 510BT negro","208.000","HEWI3884763","(21 disponibles)"
"1661381485-5","https://listado.mercadolibre.com.co/audifonos-inal%C3%A1mbricos#D[A:audifonos%20inal%C3%A1mbricos]","Audífonos Inalámbricos Bluetooth 5,0 Con Banco De Energía","https://articulo.mercadolibre.com.co/MCO-548576541-audifonos-inalambricos-bluetooth-50-con-banco-de-energia-_JM?searchVariation=51620049939#searchVariation=51620049939&position=53&search_layout=stack&type=item&tracking_id=6557f8a7-b4a7-4a26-a928-b02cc38aa3ff","Audífonos Inalámbricos Bluetooth 5,0 Con Banco De Energía","70.000","null","(117 disponibles)"
"1661381602-47","https://listado.mercadolibre.com.co/audifonos-inal%C3%A1mbricos#D[A:audifonos%20inal%C3%A1mbricos]","Audífonos in-ear inalámbricos Xiaomi Mi Earphones 2 Basic blanco","https://www.mercadolibre.com.co/audifonos-in-ear-inalambricos-xiaomi-mi-earphones-2-basic-blanco/p/MCO16175292#searchVariation=MCO16175292&position=10&search_layout=stack&type=product&tracking_id=6557f8a7-b4a7-4a26-a928-b02cc38aa3ff","Audífonos in-ear inalámbricos Xiaomi Mi Earphones 2 Basic blanco","116.778","AMG GEORGEMEDINA","(2 disponibles)"
"1661381621-54","https://listado.mercadolibre.com.co/audifonos-inal%C3%A1mbricos#D[A:audifonos%20inal%C3%A1mbricos]","Audífonos in-ear inalámbricos Lenovo LivePods LP40 negro","https://www.mercadolibre.com.co/audifonos-in-ear-inalambricos-lenovo-livepods-lp40-negro/p/MCO18055304#searchVariation=MCO18055304&position=3&search_layout=stack&type=product&tracking_id=6557f8a7-b4a7-4a26-a928-b02cc38aa3ff","Audífonos in-ear inalámbricos Lenovo LivePods LP40 negro","58.000","OFFCIAL STORE","(14 disponibles)"
"1661381599-46","https://listado.mercadolibre.com.co/audifonos-inal%C3%A1mbricos#D[A:audifonos%20inal%C3%A1mbricos]","Audífonos in-ear gamer inalámbricos Haylou GT Series GT1 Pro negro","https://www.mercadolibre.com.co/audifonos-in-ear-gamer-inalambricos-haylou-gt-series-gt1-pro-negro/p/MCO15466444#searchVariation=MCO15466444&position=11&search_layout=stack&type=product&tracking_id=6557f8a7-b4a7-4a26-a928-b02cc38aa3ff","Audífonos in-ear gamer inalámbricos Haylou GT Series GT1 Pro negro","109.900","TEKSHOP_","(20 disponibles)"
"1661381560-32","https://listado.mercadolibre.com.co/audifonos-inal%C3%A1mbricos#D[A:audifonos%20inal%C3%A1mbricos]","Apple AirPods con estuche de carga - Blanco","https://www.mercadolibre.com.co/apple-airpods-con-estuche-de-carga-blanco/p/MCO15914456#searchVariation=MCO15914456&position=25&search_layout=stack&type=product&tracking_id=6557f8a7-b4a7-4a26-a928-b02cc38aa3ff","Apple AirPods con estuche de carga - Blanco","583.893","DANYEL_07","null"
"1661381572-36","https://listado.mercadolibre.com.co/audifonos-inal%C3%A1mbricos#D[A:audifonos%20inal%C3%A1mbricos]","Apple AirPods Pro - Blanco","https://www.mercadolibre.com.co/apple-airpods-pro-blanco/p/MCO15306525#searchVariation=MCO15306525&position=21&search_layout=stack&type=product&tracking_id=6557f8a7-b4a7-4a26-a928-b02cc38aa3ff","Apple AirPods Pro - Blanco","899.990","JAC IMPORTACIONES","(2 disponibles)"
"1661381591-43","https://listado.mercadolibre.com.co/audifonos-inal%C3%A1mbricos#D[A:audifonos%20inal%C3%A1mbricos]","Audífonos in-ear inalámbricos Xiaomi Redmi AirDots 3 azul","https://www.mercadolibre.com.co/audifonos-in-ear-inalambricos-xiaomi-redmi-airdots-3-azul/p/MCO17976464#searchVariation=MCO17976464&position=14&search_layout=stack&type=product&tracking_id=6557f8a7-b4a7-4a26-a928-b02cc38aa3ff","Audífonos in-ear inalámbricos Xiaomi Redmi AirDots 3 azul","148.300","NETZON_SONIDO COMERCIALIZADORA","(20 disponibles)"
"1661381607-49","https://listado.mercadolibre.com.co/audifonos-inal%C3%A1mbricos#D[A:audifonos%20inal%C3%A1mbricos]","Audífonos in-ear gamer inalámbricos Xiaomi Redmi AirDots 2 negro","https://www.mercadolibre.com.co/audifonos-in-ear-gamer-inalambricos-xiaomi-redmi-airdots-2-negro/p/MCO16141900#searchVariation=MCO16141900&position=8&search_layout=stack&type=product&tracking_id=6557f8a7-b4a7-4a26-a928-b02cc38aa3ff","Audífonos in-ear gamer inalámbricos Xiaomi Redmi AirDots 2 negro","49.000","OFFCIAL STORE","(34 disponibles)"
"1661381624-55","https://listado.mercadolibre.com.co/audifonos-inal%C3%A1mbricos#D[A:audifonos%20inal%C3%A1mbricos]","Audífonos in-ear inalámbricos F9-5 negro","https://www.mercadolibre.com.co/audifonos-in-ear-inalambricos-f9-5-negro/p/MCO16224063#searchVariation=MCO16224063&position=2&search_layout=stack&type=product&tracking_id=6557f8a7-b4a7-4a26-a928-b02cc38aa3ff","Audífonos in-ear inalámbricos F9-5 negro","38.524","YENNYCAROLINASEPULVEDAAVEND","(62 disponibles)"
"1661381474-1","https://listado.mercadolibre.com.co/audifonos-inal%C3%A1mbricos#D[A:audifonos%20inal%C3%A1mbricos]","Audífonos in-ear inalámbricos Sony WI-C310 blue","https://www.mercadolibre.com.co/audifonos-in-ear-inalambricos-sony-wi-c310-blue/p/MCO15273288#searchVariation=MCO15273288&position=52&search_layout=stack&type=product&tracking_id=6557f8a7-b4a7-4a26-a928-b02cc38aa3ff","Audífonos in-ear inalámbricos Sony WI-C310 blue","141.129","RACSO615","(25 disponibles)"
"1661381504-12","https://listado.mercadolibre.com.co/audifonos-inal%C3%A1mbricos#D[A:audifonos%20inal%C3%A1mbricos]","Audífonos in-ear inalámbricos F9 negro","https://www.mercadolibre.com.co/audifonos-in-ear-inalambricos-f9-negro/p/MCO18638143#searchVariation=MCO18638143&position=45&search_layout=stack&type=product&tracking_id=6557f8a7-b4a7-4a26-a928-b02cc38aa3ff","Audífonos in-ear inalámbricos F9 negro","46.500","FLOUSSHOP","(13 disponibles)"
"1661381627-56","https://listado.mercadolibre.com.co/audifonos-inal%C3%A1mbricos#D[A:audifonos%20inal%C3%A1mbricos]","Audífonos in-ear inalámbricos Xiaomi Redmi AirDots negro","https://www.mercadolibre.com.co/audifonos-in-ear-inalambricos-xiaomi-redmi-airdots-negro/p/MCO15283838#searchVariation=MCO15283838&position=1&search_layout=stack&type=product&tracking_id=6557f8a7-b4a7-4a26-a928-b02cc38aa3ff","Audífonos in-ear inalámbricos Xiaomi Redmi AirDots negro","51.234","NETZON_SONIDO COMERCIALIZADORA","(28 disponibles)"
"1661381583-40","https://listado.mercadolibre.com.co/audifonos-inal%C3%A1mbricos#D[A:audifonos%20inal%C3%A1mbricos]","Audífonos in-ear gamer inalámbricos Xiaomi Redmi AirDots 3 Pro gris glaciar","https://www.mercadolibre.com.co/audifonos-in-ear-gamer-inalambricos-xiaomi-redmi-airdots-3-pro-gris-glaciar/p/MCO18446994#searchVariation=MCO18446994&position=17&search_layout=stack&type=product&tracking_id=6557f8a7-b4a7-4a26-a928-b02cc38aa3ff","Audífonos in-ear gamer inalámbricos Xiaomi Redmi AirDots 3 Pro gris glaciar","209.900","Xiaomi","(6 disponibles)"
"1661381593-44","https://listado.mercadolibre.com.co/audifonos-inal%C3%A1mbricos#D[A:audifonos%20inal%C3%A1mbricos]","Audífonos in-ear gamer inalámbricos Xiaomi Redmi AirDots S negro","https://www.mercadolibre.com.co/audifonos-in-ear-gamer-inalambricos-xiaomi-redmi-airdots-s-negro/p/MCO16002078#searchVariation=MCO16002078&position=13&search_layout=stack&type=product&tracking_id=6557f8a7-b4a7-4a26-a928-b02cc38aa3ff","Audífonos in-ear gamer inalámbricos Xiaomi Redmi AirDots S negro","51.485","NETZON_SONIDO COMERCIALIZADORA","(20 disponibles)"
"1661381488-6","https://listado.mercadolibre.com.co/audifonos-inal%C3%A1mbricos#D[A:audifonos%20inal%C3%A1mbricos]","Audífonos inalámbricos JBL Tune 510BT rosa","https://www.mercadolibre.com.co/audifonos-inalambricos-jbl-tune-510bt-rosa/p/MCO17968069#searchVariation=MCO17968069&position=51&search_layout=stack&type=product&tracking_id=6557f8a7-b4a7-4a26-a928-b02cc38aa3ff","Audífonos inalámbricos JBL Tune 510BT rosa","168.000","PDA YSMARTPHONE","null"
"1661381496-9","https://listado.mercadolibre.com.co/audifonos-inal%C3%A1mbricos#D[A:audifonos%20inal%C3%A1mbricos]","Audífonos in-ear inalámbricos Samsung Galaxy Buds Pro negro","https://www.mercadolibre.com.co/audifonos-in-ear-inalambricos-samsung-galaxy-buds-pro-negro/p/MCO17494382#searchVariation=MCO17494382&position=48&search_layout=stack&type=product&tracking_id=6557f8a7-b4a7-4a26-a928-b02cc38aa3ff","Audífonos in-ear inalámbricos Samsung Galaxy Buds Pro negro","670.000","RAPIPAK","null"
"1661381588-42","https://listado.mercadolibre.com.co/audifonos-inal%C3%A1mbricos#D[A:audifonos%20inal%C3%A1mbricos]","Audífonos in-ear inalámbricos Sony 1000X Series WF-1000XM4 negro","https://www.mercadolibre.com.co/audifonos-in-ear-inalambricos-sony-1000x-series-wf-1000xm4-negro/p/MCO18155224#searchVariation=MCO18155224&position=15&search_layout=stack&type=product&tracking_id=6557f8a7-b4a7-4a26-a928-b02cc38aa3ff","Audífonos in-ear inalámbricos Sony 1000X Series WF-1000XM4 negro","959.900","Sony","(38 disponibles)"
"1661381513-15","https://listado.mercadolibre.com.co/audifonos-inal%C3%A1mbricos#D[A:audifonos%20inal%C3%A1mbricos]","Audífonos in-ear inalámbricos Huawei FreeBuds 4i silver frost","https://www.mercadolibre.com.co/audifonos-in-ear-inalambricos-huawei-freebuds-4i-silver-frost/p/MCO18470368#searchVariation=MCO18470368&position=42&search_layout=stack&type=product&tracking_id=6557f8a7-b4a7-4a26-a928-b02cc38aa3ff","Audífonos in-ear inalámbricos Huawei FreeBuds 4i silver frost","310.000","TECNOJMGSOLUCIONES","(2 disponibles)"
"1661381507-13","https://listado.mercadolibre.com.co/audifonos-inal%C3%A1mbricos#D[A:audifonos%20inal%C3%A1mbricos]","Audífonos inalámbricos Lenovo X3 negro","https://www.mercadolibre.com.co/audifonos-inalambricos-lenovo-x3-negro/p/MCO19373200#searchVariation=MCO19373200&position=44&search_layout=stack&type=product&tracking_id=6557f8a7-b4a7-4a26-a928-b02cc38aa3ff","Audífonos inalámbricos Lenovo X3 negro","74.900","SEBASZULU32","(15 disponibles)"
"1661381585-41","https://listado.mercadolibre.com.co/audifonos-inal%C3%A1mbricos#D[A:audifonos%20inal%C3%A1mbricos]","Audífonos inalámbricos Lenovo LP7 negro","https://www.mercadolibre.com.co/audifonos-inalambricos-lenovo-lp7-negro/p/MCO18536671#searchVariation=MCO18536671&position=16&search_layout=stack&type=product&tracking_id=6557f8a7-b4a7-4a26-a928-b02cc38aa3ff","Audífonos inalámbricos Lenovo LP7 negro","114.900","SUPER_COMPRA_PLUS","(6 disponibles)"
"1661381619-53","https://listado.mercadolibre.com.co/audifonos-inal%C3%A1mbricos#D[A:audifonos%20inal%C3%A1mbricos]","Teléfono inalámbrico Panasonic KX-TGC360 negro","https://click1.mercadolibre.com.co/mclics/clicks/external/MCO/count?a=F%2B5bIozPka2x9SgNOpCnghdcZVEIoJaLuY2ijuY5c9RBKuTgqK509A0MKrY1EvpwoXCMer5SgqLUg3yfhNFr5DhO3fRUUix8AKxgSEFqUmlLdoXSV%2BD3ghPj0wqra4ZJpwu%2BMWqXxDmU7Q65infywvmnaZjja4P8Wk%2BMbAuuoPUwip557Zn2hbngb6aBsASvaTUgWQ58Dc08bQ%2FBlgiFcwMgb8FMsS8pkAWu670qmZxlVkCgipTW6HM6wR%2BDojOfhALoLwx6TYrlMpoOBAaqZagRHz9sn96QAOtfx81p%2FC3wn7yzhSzLKmNySgU7nmgLxHDaoa%2BHzfM4H2pn5pxCoJMSIHdYM%2FE8Yn5pMZXVm6Ba9DdDUa2VCdcR%2FUHTsMVjL4CUV81pWRCokqTKYj5tHPRmjMSfwq5G9Ef2YpdlnTgulQYJzwxGqAjjAh1dNPdUtBoM2eAW%2F99%2FDv25bI8EadRBow1NeLRGVUg9CJ0Qy99aIywAQ92n1f%2FzQhiUzcD%2FGdHCBQXnUM2H2C6N8Cmc8Eqo4QXL0no0QrPd9c63PY11sKbQxYJIuuixQH5OxS3e6B3%2B%2B%2BjsaND5ygHmjSWRE2YQp6ZVdYO0n3yvOr4eGVi3o7mkm0W94sWz5vObCU%2B0TFJr2QWxktJd6v8IGognOw1GsgP1nOyScDRP5gsJCybS3zx%2BXbvaTllOjfYtLfKztzitJCMMIlg3pRKO&rb=x","Teléfono inalámbrico Panasonic KX-TGC360 negro","199.000","ELECTROCOMPRASONLINE","(51 disponibles)"
"1661381547-27","https://listado.mercadolibre.com.co/audifonos-inal%C3%A1mbricos#D[A:audifonos%20inal%C3%A1mbricos]","Audífonos in-ear inalámbricos Lenovo LivePods LP1 negro","https://click1.mercadolibre.com.co/mclics/clicks/external/MCO/count?a=bCAy12z%2Fa7%2FkBw%2FedYZIBD9HVLouR9NQKOaKMAgLVkpr9wVnHPjJ0cfDQ55O2Ilgk71gduOOzDWAEJJzFvRgJ7Kuq8ORu0UQtUbxXGc55n8kFf%2FrZ4eHtW3HvbEqOiXMJmwTWv0oR24Chm%2FwWMNOnF%2FyyI8wDA0g4UZ%2BDq43D9jTnorxqlUeCjHbqrCZvsWVp20MWXpHwxMDqwJtaNMUFOugbA5%2F1RIJTBQ6RjVjJ5UfMZrXvzQzEyx22TWU55493KhrCptqWePozxAXUpSFlIMYOqjwuGQQ7VKJpZQLRoY%2FEAw8%2BoNemcHlsZk5AXJu5qG0%2FN2KE0R4DaC57xMV%2Fkpgh5DvNQkxvUxAN0gFxVKNr%2BJWp0VwvdiZ0B00TxZ98waNAXmtgLb0IZiSGUm0cPUfcaSnzaV4OwNB6ZrE9kYAzTzPJRhvyDI%2BkeM2n7eP9aXdDZeT6kT7OsOzso89eh6p3GOilNyoop075WubObY6kXW4IMoCymUezttLg3B9PPXx5Lz46a66qAL9NHZRrU7aOr9Oxe1UZyzQRwGoeD1Mx6Mmb014naLCSXzNYyhTsevAXDapESeqssnXta7Vhb8PZmsb4VMocJ1eXy%2F87nTRwK4WqG9uTTTsQo3jgAAe1b3Xip0PIYroINeRkCSNeQjFbqWQbJfaOBWNWuvtpuG1TRSrIeaj603693qf4nUOcoOX6vtApKCDz2VwkvIukhkgs4%2B%2Bp0VC&rb=x","Audífonos in-ear inalámbricos Lenovo LivePods LP1 negro","77.900","TWISTERSHOPSAS","(7 disponibles)"
"1661381566-34","https://listado.mercadolibre.com.co/audifonos-inal%C3%A1mbricos#D[A:audifonos%20inal%C3%A1mbricos]","Audífonos in-ear inalámbricos Haylou GT Series GT6 negro","https://www.mercadolibre.com.co/audifonos-in-ear-inalambricos-haylou-gt-series-gt6-negro/p/MCO18463325#searchVariation=MCO18463325&position=23&search_layout=stack&type=product&tracking_id=6557f8a7-b4a7-4a26-a928-b02cc38aa3ff","Audífonos in-ear inalámbricos Haylou GT Series GT6 negro","94.000","ELECTRICAUCHOSIM","(50 disponibles)"
"1661381538-24","https://listado.mercadolibre.com.co/audifonos-inal%C3%A1mbricos#D[A:audifonos%20inal%C3%A1mbricos]","Audífonos in-ear inalámbricos F9-5 blanco","https://www.mercadolibre.com.co/audifonos-in-ear-inalambricos-f9-5-blanco/p/MCO17546621#searchVariation=MCO17546621&position=33&search_layout=stack&type=product&tracking_id=6557f8a7-b4a7-4a26-a928-b02cc38aa3ff","Audífonos in-ear inalámbricos F9-5 blanco","48.504","THEFITT FROG","(22 disponibles)"
"1661381605-48","https://listado.mercadolibre.com.co/audifonos-inal%C3%A1mbricos#D[A:audifonos%20inal%C3%A1mbricos]","Audífonos in-ear inalámbricos Lenovo LivePods LP40 blanco","https://www.mercadolibre.com.co/audifonos-in-ear-inalambricos-lenovo-livepods-lp40-blanco/p/MCO18055305#searchVariation=MCO18055305&position=9&search_layout=stack&type=product&tracking_id=6557f8a7-b4a7-4a26-a928-b02cc38aa3ff","Audífonos in-ear inalámbricos Lenovo LivePods LP40 blanco","59.143","IMPORTACIONES RED","(3 disponibles)"
