nombre_producto,precio_producto,inventario_producto,origen_producto
Soporte De Espada De Dos Niveles,182900,Cantidad:1 unidad(5 disponibles),Engativa, Bogota D.C.
Kit De Limpieza Espadas, Katana Samurai, Kenjutsu, Ninjutsu,97800,Cantidad:1 unidad(2 disponibles),Bucaramanga, Santander
Lyuesword Forjado A Mano Damasco Doblado Acero Arcilla Templ,3112791,Cantidad:1 unidad(12 disponibles),Bucaramanga, Santander
Katana Espada Sin Funda Para Decoracion Y Coleccion Cosplay,229900,null,Fontibon, Bogota D.C.
Katana Japonesa De Exhibicion,350000,Cantidad:1 unidad(5 disponibles),Usaquen, Bogota D.C.
Palillos Samurai Katana Japoneses Tres Heros Ieyasu Tokugawa,201398,Cantidad:1 unidad(12 disponibles),Bosa, Bogota D.C.
Exibidor En Madera Para Katanas Espadas,sables Ejercito Daga,51900,null,Fontibon, Bogota D.C.
Para La Espada Danceonlinehasebe Prototipos Escala 1/8 Abs Y,1209859,Cantidad:1 unidad(12 disponibles),Floridablanca, Santander
Saki Katana - Tijeras Japonesas  6 Unidades   Color Negro,1607900,Cantidad:1 unidad(10 disponibles),San Cristobal Sur, Bogota D.C.
Katana Shusui De Zoro De One Piece Cosplay,250000,null,Antonio Narino, Bogota D.C.
Lego Dual Scabbard Con 2 Espadas Katana De Plata,72990,Cantidad:1 unidad(12 disponibles),Aguachica, Cesar
Correa Accesorio Para Porta Katanas Para Cosplay Sofa Anime,21900,null,Fontibon, Bogota D.C.
Katana De Dragon De 40 Pulgadas, Afilada En Acero Damasco,1799000,null,Sabaneta, Antioquia
Katana Dragon De Acero Damasco, Rojo Sangre , Afilada,1790000,null,Sabaneta, Antioquia
Espada Ninja Ninjato Katana Solo Decoracion Y Lujo Cerbatana,337900,null,Fontibon, Bogota D.C.
Katana Musha Gold Warrior,1000000,null,Cali, Valle Del Cauca
Katana Dragon De Acero Damasco, Rojo Sangre , Afilada,1790000,null,Sabaneta, Antioquia
1: 6 Soldado Accs Samurai Katana Japonesa Hoja Corta Para,146853,Cantidad:1 unidad(11 disponibles),China
Palillos Samurai Katana Japoneses Tres Heros Ieyasu Tokugawa,228795,Cantidad:1 unidad(12 disponibles),Chapinero, Bogota D.C.
Espada Katana Negra En Acero Para Arte Marcial Kendo Aikido,306900,Cantidad:1 unidad(2 disponibles),Fontibon, Bogota D.C.
Saki Katana - Tijeras Japonesas  6 Unidades   Color Negro,1607900,Cantidad:1 unidad(10 disponibles),San Cristobal Sur, Bogota D.C.
Samurai Tactical Wakizashi - Mochila Tactica,269900,Cantidad:1 unidad(10 disponibles),Aguachica, Cesar
Makoto - Bolsa De Seda Para Espadas Japonesas De Katana, Wak,109400,Cantidad:1 unidad(10 disponibles),Aguachica, Cesar
Katana Japonesa De Exhibicion,330000,Cantidad:1 unidad(5 disponibles),Usaquen, Bogota D.C.
Soporte Para Espada, Soporte Para Katana De 1 Pieza, Soporte,107029,Cantidad:1 unidad(100 disponibles),China
Nuevo Y De Alta Calidad Samurai Katana Metal Palanca De,388957,Cantidad:1 unidad(3 disponibles),China
Katana Espada 1060 Hoja Acero Carbono Samurai Battle Ready,1361510,Cantidad:1 unidad(10 disponibles),Chapinero, Bogota D.C.
Baston  Katana Oculta,defensa Personal,judo,karate,navaja,209900,Cantidad:1 unidad(2 disponibles),Fontibon, Bogota D.C.
Sh Kaeru Rana Wakizashi Multiples,7852990,null,Medellin, Antioquia
Tsuba Decorativa Samurai X, Katana, Sakabatou, Espada, Sword,82900,Cantidad:1 unidad(2 disponibles),Bucaramanga, Santander
Espada De Madera Lacado Para Soporte Samurai Katana,133900,Cantidad:1 unidad(10 disponibles),Aguachica, Cesar
Catillas De Palanca De Palanca De 20 Centimetros Negro Rojo,320997,Cantidad:1 unidad(2 disponibles),China
Correa Accesorio Para Porta Katanas Para Cosplay Sofa Anime,21900,null,Fontibon, Bogota D.C.
Katana Espada  Sable  Coleccion Anime Fontibon Daga No Stand,306900,Cantidad:1 unidad(2 disponibles),Fontibon, Bogota D.C.
Espada Katana Samarai Blanca Dragon (3 Piezas) Con Estante,800000,Cantidad:1 unidad(3 disponibles),Sabaneta, Antioquia
Espada Katana Sable Daga Deadpool Samuraix No Stand Cosplay,306900,Cantidad:1 unidad(3 disponibles),Fontibon, Bogota D.C.
Makoto - Bolsa De Seda Para Espadas Japonesas De Katana, Wak,109400,Cantidad:1 unidad(10 disponibles),Aguachica, Cesar
Accesorio Correa Portakatana,cosplay Anime,walking No Katana,24900,Cantidad:1 unidad(2 disponibles),Fontibon, Bogota D.C.
Montaje En A Ed 5 Ni Eles Titula  De La Espada Del Sam...,381999,Cantidad:1 unidad(5 disponibles),Engativa, Bogota D.C.
1: 6 Soldado Accs Samurai Katana Japonesa Hoja Corta Para,132408,Cantidad:1 unidad(11 disponibles),Guangdong
Kit De Limpieza Espadas, Katana Samurai, Kenjutsu, Ninjutsu,97800,Cantidad:1 unidad(2 disponibles),Bucaramanga, Santander
Katana Cambio De Mando De La Palanca De Cambios Samurai...,151999,Cantidad:1 unidad(5 disponibles),Engativa, Bogota D.C.
Abrecartas Katana Corto Negro,277900,Cantidad:1 unidad(5 disponibles),Engativa, Bogota D.C.
Catillas De Palanca De Palanca De 20 Centimetros Oro Negro,243081,null,China
1: 6 Soldado Accs Samurai Katana Japonesa Hoja Corta Para,146853,Cantidad:1 unidad(11 disponibles),China
Katana Japonesa De Exhibicion,350000,Cantidad:1 unidad(5 disponibles),Usaquen, Bogota D.C.
Katana Espada Sable Armas Modelo Adornos Para Figuras De,146853,Cantidad:1 unidad(9 disponibles),China
Kimetsu No Yaiba Espada Katana En Caja Precio Por Unidad,35000,null,Puente Aranda, Bogota D.C.
Shadow Ninjas Night Fury Fury Katana Sword Disfraz Acce...,194999,null,Engativa, Bogota D.C.
Katana 3d Esmalte Pin Pin Espada Samurai,136999,Cantidad:1 unidad(5 disponibles),Engativa, Bogota D.C.
Espada Ninja Ninjato Katana Solo Decoracion  Anime Ninjutsu,337900,Cantidad:1 unidad(2 disponibles),Fontibon, Bogota D.C.
Cambio De Marchas Del Coche Boton De La Cabeza Palanca De,144853,Cantidad:1 unidad(2 disponibles),Guangdong
Estante Para Cuchillos Soporte Japones Varilla De 4 Capas,137919,Cantidad:1 unidad(16 disponibles),China
Katana Japonesa De Exhibicion,330000,Cantidad:1 unidad(5 disponibles),Usaquen, Bogota D.C.
Katana Samurai Kuro - Funcional En Acero Al Carbono 1045,1042800,null,Bucaramanga, Santander
E Bogu Olip Opileno Neg O Ninja Ninjutsu Katana 34 5,317999,null,Engativa, Bogota D.C.
Catillas De Palanca De Palanca De 20 Centimetros Negro,322153,Cantidad:1 unidad(2 disponibles),China
1: 6 Soldado Accs Samurai Katana Japonesa Hoja Corta Para,146853,Cantidad:1 unidad(11 disponibles),Guangdong
Katanas Japonesas 3 Tamanos, Hoja Acero, D Coleccion. Usadas,1175000,null,Chia, Cundinamarca
Base Espadas X2 - Mesa - Para Katana, Wakizashi, Bokken,72500,Cantidad:1 unidad(3 disponibles),Bucaramanga, Santander
Katana Espada Sable Armas Modelo Adornos Para Figuras De,128185,Cantidad:1 unidad(9 disponibles),China
Bolso Bandolera,1350900,Cantidad:1 unidad(5 disponibles),Engativa, Bogota D.C.
Estante De Exhibicion Del Soporte 2 Capas 14,6x9,8 Pulgadas,97117,Cantidad:1 unidad(8 disponibles),China
Japones Samu Ai Espadas A  Eso Ios Mekugi Eg A A Kat...,132999,Cantidad:1 unidad(5 disponibles),Engativa, Bogota D.C.
Cordon Ito Para Envolver Mango Saya De Katana De Seda Sint,128100,Cantidad:1 unidad(10 disponibles),Aguachica, Cesar
Mantenimiento De Espada De Samurai Japones Katana De Ace,149900,Cantidad:1 unidad(5 disponibles),Engativa, Bogota D.C.
Kei Project Katana Samurai Espada Palanca De Cambios Palanca,311990,Cantidad:1 unidad(12 disponibles),Aguachica, Cesar
Espada Katana Bokken Madera Entrenamiento Kendo,249900,Cantidad:1 unidad(3 disponibles),Chapinero, Bogota D.C.
Catillas De Palanca De Palanca 20 Centimetros Azul Blanco,320997,Cantidad:1 unidad(2 disponibles),China
Katana Kimetsu No Yaiba Demon Slayer Espada Metalica,65000,Cantidad:1 unidad(5 disponibles),Puente Aranda, Bogota D.C.
Espada Ninja Ninjato Katana Solo Decoracion Y Lujo Cerbatana,337900,null,Fontibon, Bogota D.C.
Espada Katana Doble Filo Espiga Completa Hoja Acero Carbono,1361510,Cantidad:1 unidad(10 disponibles),Chapinero, Bogota D.C.
Base Espadas X1 - Mesa - Katana Kake, Soporte, Exhibidor,47500,null,Bucaramanga, Santander
Espada Wakizashi De Combate De Ronin Con Vaina Moldeada Por,378900,Cantidad:1 unidad(10 disponibles),Aguachica, Cesar
Katana Rengoku Demon Slayer Cosplay (poliuretano),250000,null,Antonio Narino, Bogota D.C.
Katana Kochou Shinobu Demon Slayer Cosplay (madera),250000,null,Antonio Narino, Bogota D.C.
Kimetsu No Yaiba Demon Slayer Mini Espada Katana En Blister,65000,Cantidad:1 unidad(3 disponibles),Puente Aranda, Bogota D.C.
Base Espadas X2 - Mesa - Para Katana, Wakizashi, Bokken,72500,Cantidad:1 unidad(3 disponibles),Bucaramanga, Santander
Katana Espada Daga En Acero Kendo Aikido Coleccion Taekwondo,306900,Cantidad:1 unidad(2 disponibles),Fontibon, Bogota D.C.
Katana Tanjiro Anime ( Kimetsu No Yaiba),120000,null,Ciudad Bolivar, Bogota D.C.
Espada Katana Samarai Blanca Dragon (3 Piezas) Con Estante,800000,Cantidad:1 unidad(3 disponibles),Sabaneta, Antioquia
Katana Espada Daga En Acero Kendo Aikido Coleccion Taekwondo,306900,Cantidad:1 unidad(2 disponibles),Fontibon, Bogota D.C.
Espada Katana Sable,samurai En Acero Para Decoracion Regalo,306900,Cantidad:1 unidad(2 disponibles),Fontibon, Bogota D.C.
Lyuesword Forjado A Mano Damasco Doblado Acero Arcilla Templ,3183363,Cantidad:1 unidad(12 disponibles),Aguachica, Cesar
Tsuba Decorativa Ninja Gaiden, Katana, Xbox, Play Station,82500,Cantidad:1 unidad(5 disponibles),Bucaramanga, Santander
Correa De Cinturon De La Espada Rana Ajuste Universal ...,164999,Cantidad:1 unidad(5 disponibles),Engativa, Bogota D.C.
Kimetsu No Yaiba Demon Slayer Set X 8 Accesorios Katana,89000,Cantidad:1 unidad(5 disponibles),Puente Aranda, Bogota D.C.
Katana Espada Sable Armas Modelo Adornos Para Figuras De,128185,Cantidad:1 unidad(9 disponibles),China
Espada Katana Sable,samurai,artes Marciales,daga No Stand,306900,null,Fontibon, Bogota D.C.
Kimetsu No Yaiba Espada Katana Demon Slayer,35000,Cantidad:1 unidad(3 disponibles),Puente Aranda, Bogota D.C.
Engeng  Osplay De Anime Ko Hou Shinobu Katana Samu Ai ...,491999,Cantidad:1 unidad(5 disponibles),Engativa, Bogota D.C.
41 De Metal Nue O Anime De Fantasia De La Esp...,443999,Cantidad:1 unidad(5 disponibles),Engativa, Bogota D.C.
Katana Espada Sable Armas Modelo Adornos Para Figuras De,146853,Cantidad:1 unidad(9 disponibles),China
Espada Katana En Acero Para Decoracion Coleccion Kill Bill,306900,null,Fontibon, Bogota D.C.
1: 6 Soldado Accs Samurai Katana Japonesa Hoja Corta Para,146853,Cantidad:1 unidad(11 disponibles),Guangdong
Espada Samurai Con Forma De Dragon Chino, Tamano Pequeno, 1,111118,Cantidad:1 unidad(100 disponibles),China
Katana Bushi - Funcional En Acero Al Carbono 1045, Samurai,1025600,null,Bucaramanga, Santander
Espada Sable Daga Katana Color1 Mts, Iaido Kendo,samurai Sai,306900,Cantidad:1 unidad(2 disponibles),Fontibon, Bogota D.C.
Samurai Caja De Seda De La Espada Del Katana,346999,Cantidad:1 unidad(5 disponibles),Engativa, Bogota D.C.
Espada De Katana Dragon Ninja Sombra,181200,Cantidad:1 unidad(10 disponibles),Aguachica, Cesar
Sh Kaeru Rana Wakizashi Multiples,8715900,Cantidad:1 unidad(5 disponibles),Envigado, Antioquia
Dragon Samurai Espada Katana Wakizashi Tanto Soporte Pequen,172800,Cantidad:1 unidad(10 disponibles),Aguachica, Cesar
Accesorio Correa Porta Katana Espada Arte Marcial Kendo Sais,24900,null,Fontibon, Bogota D.C.
Paraguas Con Mango De Espada Katana De 24 Varillas,.,311990,Cantidad:1 unidad(12 disponibles),Aguachica, Cesar
Demonio Asesino Kimetsu Sin Yaiba Agatsuma Zenitsu Espa...,168900,Cantidad:1 unidad(5 disponibles),Envigado, Antioquia
Tsuba Decorativa Kill Bill, Katana, Hattori Hanzo, Espada,83700,Cantidad:1 unidad(2 disponibles),Bucaramanga, Santander
Katana Espada Sable Samurai Ninja En Acero Para Decoracion,306900,Cantidad:1 unidad(2 disponibles),Fontibon, Bogota D.C.
Saki Katana - Tijeras Japonesas  6 Unidades   Color Negro,1609200,Cantidad:1 unidad(10 disponibles),Aguachica, Cesar
Tsuba Decorativa Inuyasha, Katana, Anime, Espada, Sword,83200,Cantidad:1 unidad(3 disponibles),Bucaramanga, Santander
Vendo Espadas Para Exhibicion De Artes Marciales,280000,null,Cartagena De Indias, Bolivar
Abrecartas Corta Negro Katana Con Decoracion De Soporte Vert,283000,null,Suba, Bogota D.C.
Demonio Asesino Kimetsu Sin Yaiba Agatsuma Zenitsu Espa...,159990,null,Medellin, Antioquia
Universal Samurai Sword Gear Knob Shifter Katana Metal,227747,Cantidad:1 unidad(6 disponibles),China
Katana Musha Gold Warrior,1000000,null,Cali, Valle Del Cauca
Saki Katana - Tijeras Japonesas  6 Unidades   Color Negro,1609200,Cantidad:1 unidad(10 disponibles),Aguachica, Cesar
Katana Kimetsu No Yaiba (demon Slayer) - Rengoku En Acero,350000,null,Kennedy, Bogota D.C.
Accesorio Correa Portakatana,cosplay Anime,walking No Katana,24900,Cantidad:1 unidad(2 disponibles),Fontibon, Bogota D.C.
Baston Con Cuchillo Punal Oculto Katana Lesiones Defensa,209900,null,Fontibon, Bogota D.C.
Katana Japonesa De Exhibicion,350000,Cantidad:1 unidad(4 disponibles),Usaquen, Bogota D.C.
Baston De Calavera Espada Oculta Estoque Katana Defensa  Sai,199900,Cantidad:1 unidad(3 disponibles),Fontibon, Bogota D.C.
Set De 3 Kunais Lanzables En Acero Naruto Ninja Judo Sais,34900,Cantidad:1 unidad(2 disponibles),Fontibon, Bogota D.C.
Demon Slayer Tanjiro Tomioka Mini Espada Katana Cosplay,40000,Cantidad:1 unidad(10 disponibles),Puente Aranda, Bogota D.C.
Wraith Of East Faux Leather Sword Strap Gun Flintlock Pistol,196410,Cantidad:1 unidad(12 disponibles),Bucaramanga, Santander
Palillos Samurai Katana Japoneses Tres Heros Ieyasu Tokugawa,208143,Cantidad:1 unidad(12 disponibles),Aguachica, Cesar
Catillas De Palanca De Palanca De Palanca De 15cm Oro Negro,157387,null,China
Universal Samurai Sword Gear Knob Shifter Katana Metal,243881,Cantidad:1 unidad(6 disponibles),China
Katana Japonesa De Exhibicion,330000,Cantidad:1 unidad(5 disponibles),Usaquen, Bogota D.C.
1: 6 Soldado Accs Samurai Katana Japonesa Hoja Corta Para,132408,Cantidad:1 unidad(11 disponibles),Guangdong
Bronceado Espada De Combate Wakizashi Con La Envoltura ...,358999,Cantidad:1 unidad(5 disponibles),Engativa, Bogota D.C.
Katana Ao Tsuru - Funcional En Acero Al Carbono 1045, Ninja,1028200,null,Bucaramanga, Santander
Espada Katana Cobra Coleccion Decoracion,450000,null,Engativa, Bogota D.C.
E Bogu  a Ti A De La Espada Katana De Made A Estilo D...,359999,Cantidad:1 unidad(5 disponibles),Engativa, Bogota D.C.
Katana Tsuru - Funcional En Acero Al Carbon 1045, Samurai,1037500,null,Bucaramanga, Santander
Espada Katana En Acero Para Decoracion Coleccion Kill Bill,306900,null,Fontibon, Bogota D.C.
Katana Japonesa De Exhibicion,350000,Cantidad:1 unidad(5 disponibles),Usaquen, Bogota D.C.
Katana Espada Sin Funda Para Decoracion Y Coleccion Anime,229900,null,Fontibon, Bogota D.C.
